[
 {
  "sentence": "Non basta. Diceva Stravinski: -\u00ab cari giovani, fi\u2018nitela con la grande orchestra! Ci vuole IT arte di scrivere per orchestra piccola \u00bb. E Busoni: \u00ab lo scopo immediato \u00e8 il raffinamento dell\u2019 economia, giacche abbiamo cotanto famigliare quello della prodigalita \u00bb.\n",
  "predictions": [
   {
    "span": "Stravinski",
    "type": "person"
   },
   {
    "span": "grande orchestra",
    "type": "theater"
   },
   {
    "span": "Busoni",
    "type": "person"
   }
  ]
 },
 {
  "sentence": "evidente, che, messosi su questa strada, il Busoni dov\u00e9 forzatamente seguire le orme di quattro grandi maestri. Bach, prima di tutti; Mozart, Beethoven, Liszt. Il Busoni \u00e8 un contrappuntista per grazia di Dio. Come per un grande e vero poeta la molteplice tecnica del metro non @\u20ac impaccio, ma sprone alla libera creazione, cosi per if Busoni la rigida maglia d\u2019acciaio del contrappunto \u00e8 sostegno pi che impaccio, impaleatura che gli serve a elevare al cielo le costruzioni pit sublimi e pit ardite.\n",
  "predictions": [
   {
    "span": "il Busoni",
    "type": "person"
   },
   {
    "span": "Bach",
    "type": "person"
   },
   {
    "span": "Mozart",
    "type": "person"
   },
   {
    "span": "Beethoven",
    "type": "person"
   },
   {
    "span": "Liszt",
    "type": "person"
   },
   {
    "span": "Il Busoni",
    "type": "person"
   },
   {
    "span": "Busoni",
    "type": "person"
   }
  ]
 },
 {
  "sentence": "Frenandosi con i rigidi dettami dell\u2019 arte, cercando di non sforzare la natura stessa della musica, conviene innovare senza riguardi. Il Busoni dice, al pari del Petrarca: si imita meglio, quando non si imita.\n",
  "predictions": [
   {
    "span": "musica",
    "type": "music"
   },
   {
    "span": "Il Busoni",
    "type": "person"
   },
   {
    "span": "Petrarca",
    "type": "person"
   }
  ]
 },
 {
  "sentence": "Beethoven, 11 Busoni lo sente in modo singolare. Quando lo suona par che abdichi ogni velleita di interpretazione personale, E Beethoven che balza vivo ed intero dalla sua magica tastiera. Lo sente quale titano di un\u2019arte eternamente trasformatrice, laboriosa, irrequieta, scarna, michelangiolesca, vioRIVISTA NAZIONALE DI MUSICA\n",
  "predictions": [
   {
    "span": "Beethoven",
    "type": "person"
   },
   {
    "span": "Busoni",
    "type": "person"
   },
   {
    "span": "Beethoven",
    "type": "person"
   }
  ]
 },
 {
  "sentence": " Se gli odierni suoi dispregiatori si degnassero di leggere la \u00ab MarIl Busont ha di comune con Liszt, oltre la maravigliosa cia funebre dell\u2019imperatore Massimiliano \u00bb ! sapienza \u00ab planistica \u00bb, anche il senso divino della Sehnsucht \u00bb, di quel \u00ab desio \u00bb, che \u00e8 la base della \u00ab Dante-Sinfonia \u00bb. \u00ab Desio \u00bb diverso dall\u2019 \u00ab estasi languida \u00bb del Debussy; diverso fondamentalmente dal mistico scivolare che lo Scriabin si ostina a fare tra intervalli di seconda e di settima. \u00ab Desio \u00bb quasi dantesco; maschio, robusto ed ardente, temperato da nobilta castigat\u2019ssima di espressione\n",
  "predictions": [
   {
    "span": "Liszt",
    "type": "person"
   },
   {
    "span": "Massimiliano",
    "type": "person"
   },
   {
    "span": "desio",
    "type": "music"
   },
   {
    "span": "Dante-Sinfonia",
    "type": "music"
   },
   {
    "span": "Desio",
    "type": "music"
   },
   {
    "span": "Debussy",
    "type": "person"
   },
   {
    "span": "Scriabin",
    "type": "person"
   },
   {
    "span": "Desio",
    "type": "music"
   }
  ]
 },
 {
  "sentence": "Avemmo le nove sinfonie in tutte le salse, Lo Schalk presento il povero gran maestro di Bonn tutto smunto e prima della cura del Tot; il Mengelbere dopo fla detta cura, atletico, gladiatorio e con lo sguardo di un salumaio iniettato di birra; il Toscanini, scapigliato, con cravatta floscia, con truce sguardo da tenore rossiniano; il Nikisch in frack nero e gilet bianco, con espressione annoiata di un gran ricevimento ufficiale; il Gui in un accesso di umore nero e perseguitato da acciacchi.\n",
  "predictions": [
   {
    "span": "Lo Schalk",
    "type": "person"
   },
   {
    "span": "Bonn",
    "type": "city"
   },
   {
    "span": "Mengelbere",
    "type": "person"
   },
   {
    "span": "Toscanini",
    "type": "person"
   },
   {
    "span": "Nikisch",
    "type": "person"
   },
   {
    "span": "Gui",
    "type": "person"
   }
  ]
 },
 {
  "sentence": "Due soli direttori ce lo rivelarono col divino sorriso sulle labbra, nella dolce intimita della sua villetta di Baden od al caff\u00e9 \u00ab alla pera d\u2019oro \u00bb, ci mostrarono un Beethoven buono e semplice: e furono il Guarnieri ed il Wendel. Ma sopratutto il Guarnieri, Beethoven fu disputato a pugni e schiaffi ed i suol poverl panni furono lacerati in una indecorosa gara di maestri cantori.\n",
  "predictions": [
   {
    "span": "Beethoven",
    "type": "person"
   },
   {
    "span": "Guarnieri",
    "type": "person"
   },
   {
    "span": "Wendel",
    "type": "person"
   },
   {
    "span": "Guarnieri",
    "type": "person"
   },
   {
    "span": "Beethoven",
    "type": "person"
   }
  ]
 },
 {
  "sentence": "Tre esecuzioni in concorrenza della Quinta sinfonia : buona ma fredda e fiacca quella di Nikisch ; detestabile quella di Mengelberg ; insuperata negli impasti, nella chiarezza e nei coloriti dello strumentale non che nella plasticita dei ritmi e degli accenti e per profondita di sentimento, sebbene tralucente di una cosi spiccata anima direttorialeda poter apparire a taluno alquanto arbitraria, quella di Toscanini.\n",
  "predictions": [
   {
    "span": "Quinta sinfonia",
    "type": "work-of-art"
   },
   {
    "span": "Nikisch",
    "type": "person"
   },
   {
    "span": "Mengelberg",
    "type": "person"
   },
   {
    "span": "Toscanini",
    "type": "person"
   }
  ]
 },
 {
  "sentence": "Esclusi dai pubblici favori quasi tutti i romantici: dimenticato Mendelssohn, soppresso Schumann, ridotto alla sola Sinfonia incompiuta lo Schubert, (e si che-essa Sinfonia veniva eseguita anche durante la guerra nei cinamatografi della capitale, che \u2014 beati loro \u2014 presentano la musica in veste anonima) censurato tutto Berlioz, meno la sinfonietta del \u00ab Cellini\u00bb, quasi scacciato Liszt : nel?anno dantesco non si penso di ridare la gia Roma dal povero Mancinelli\n",
  "predictions": [
   {
    "span": "Mendelssohn",
    "type": "person"
   },
   {
    "span": "Schumann",
    "type": "person"
   },
   {
    "span": "Sinfonia incompiuta",
    "type": "music"
   },
   {
    "span": "Schubert",
    "type": "person"
   },
   {
    "span": "Sinfonia",
    "type": "music"
   },
   {
    "span": "la guerra",
    "type": "war"
   },
   {
    "span": "capitale",
    "type": "city"
   },
   {
    "span": "Berlioz",
    "type": "person"
   },
   {
    "span": "sinfonietta",
    "type": "music"
   },
   {
    "span": "Cellini",
    "type": "person"
   },
   {
    "span": "Liszt",
    "type": "person"
   },
   {
    "span": "Roma",
    "type": "city"
   },
   {
    "span": "Mancinelli",
    "type": "person"
   }
  ]
 },
 {
  "sentence": "Per Seriabin, vi fu un timido tentative diterza Sinfonia, represso da un\u2019 incursione nazionalista nella sala delVPAugusteo; giacch\u00e9 nel massimo tempio dell\u2019 arte musicale, si fa, oltre della musica, anche un po\u2019 di politica, Dopo le fischiate di quest\u2019anno temerario ragionare di Mahler, di Reger, di Bruckner.\n",
  "predictions": [
   {
    "span": "Sinfonia",
    "type": "music"
   },
   {
    "span": "Mahler",
    "type": "person"
   },
   {
    "span": "Reger",
    "type": "person"
   },
   {
    "span": "Bruckner",
    "type": "person"
   }
  ]
 },
 {
  "sentence": "Tornando a ritroso ne\u2019 secoli, troveremo che Mozart rappresentato \u00ab ufficialmente \u00bb all\u2019Augusteo dalla sola sinfonia di sol min.; Corelli, Vivaldi, Haendel, Bach, da un solo concerto grosso per autore.\n",
  "predictions": [
   {
    "span": "Mozart",
    "type": "person"
   },
   {
    "span": "Corelli",
    "type": "person"
   },
   {
    "span": "Vivaldi",
    "type": "person"
   },
   {
    "span": "Haendel",
    "type": "person"
   },
   {
    "span": "Bach",
    "type": "person"
   }
  ]
 },
 {
  "sentence": "Coates, allievo di Nikisch, sta per superare il maestro. Non ancora in fatto di sapienza orchestyale, ma in fatto di euritmia, di interpretazione, di quell\u2019arte divina e sottile che avvicina il grande direttore al vrande architetto, ch\u00e9 insegna ad entrambi di cavare degli effetti sorprendenti d\u2019insieme da impercettibili spostamenti di linee e di spazi, I] Coates dovrebbe tornare tra noi con la terza Sinfonia di Scriabin, interrotta nella tragica vigilia di Natale 1920.\n",
  "predictions": [
   {
    "span": "Coates",
    "type": "person"
   },
   {
    "span": "Nikisch",
    "type": "person"
   },
   {
    "span": "Coates",
    "type": "person"
   },
   {
    "span": "tragica vigilia di Natale 1920",
    "type": "event"
   }
  ]
 },
 {
  "sentence": "Ad onta dei sullodati gravi difetti, la stagione trascorsa \u00e8 stata una buona stagione. Avemmo tra noi i due pitt grandi direttori giovani, di cut si possa onorare la vecchia Europa: Antonio Guarnieri ed Alberto Coates. IL Guarnieri ha fatto progressi, se per un uomo come lui \u00e8 ancora possibile farli, Non posa a divo, e speriamo che non Jo faccia mai. Ma fa commuovere e piangere chiunque abbia una sensibilita musicale non da giovane rinoceronte.\n",
  "predictions": [
   {
    "span": "vecchia Europa",
    "type": "continent"
   },
   {
    "span": "Antonio Guarnieri",
    "type": "person"
   },
   {
    "span": "Alberto Coates",
    "type": "person"
   },
   {
    "span": "Guarnieri",
    "type": "person"
   }
  ]
 },
 {
  "sentence": "Nelle variazioni di Brahms e nella \u00ab Juventus \u00bb del DiSabata il maestro raggiunse varcd, se possibile, 1 limiti dell\u2019 interpretazione creatrice trasformatrice, Seli mosiro poi un\u2019arte sublime sottile di autocritica nell\u2019 esecuzione della Prima sinfonia di Becthoven, che ora si presentO radicalmente trasformata, purificata, resa pi calma e pitt macstosa. Incco un \u00ab divo \u00bb che non dorme sugli allori, ma lavora, si strugge, si lascia ognora_avvampare da un indestruttibile fuoco interno. Che grande onore per l' Italia i] possedere, contemporaneamente, due giganti come Arturo Toscanini ed Antonio Guarniert Ad onta della poverta estrema del repertorio, avemmo all\u2019Augusteo anche delle novita, La Sinfonia delle Alpi di R. Strauss, molto ben diretta dal Molinari, il direttore modello per la musica moderna pitt difficile e pil astrusa.\n",
  "predictions": [
   {
    "span": "Brahms",
    "type": "person"
   },
   {
    "span": "Italia",
    "type": "country"
   },
   {
    "span": "Arturo Toscanini",
    "type": "person"
   },
   {
    "span": "Antonio Guarniert",
    "type": "person"
   },
   {
    "span": "R. Strauss",
    "type": "person"
   },
   {
    "span": "Molinari",
    "type": "person"
   }
  ]
 },
 {
  "sentence": "Per citare qualche csempio riferiamo che musiche del Santoliquide, del Sorima, del Tarantini, del Ricci-Signorini... e poi del Fano, dell\u2019Agostini, del Panizza, dello Zanella, dell\u2019 Alfano, del Marinuzzi, del Guarnieri, del Savasta,,. attendono un giudizio del cosidetto Comdtato di lettura od il turno dell\u2019esecuzione.\n",
  "predictions": [
   {
    "span": "Santoliquide",
    "type": "person"
   },
   {
    "span": "Sorima",
    "type": "person"
   },
   {
    "span": "Tarantini",
    "type": "person"
   },
   {
    "span": "Ricci-Signorini",
    "type": "person"
   },
   {
    "span": "Fano",
    "type": "person"
   },
   {
    "span": "Agostini",
    "type": "person"
   },
   {
    "span": "Panizza",
    "type": "person"
   },
   {
    "span": "Zanella",
    "type": "person"
   },
   {
    "span": "Alfano",
    "type": "person"
   },
   {
    "span": "Marinuzzi",
    "type": "person"
   },
   {
    "span": "Guarnieri",
    "type": "person"
   },
   {
    "span": "Savasta",
    "type": "person"
   },
   {
    "span": "giudizio",
    "type": "court decision"
   }
  ]
 },
 {
  "sentence": "Una messa di P. G, Fabbri a Firenze Tl 29 Maggio us, si eseguita nella Chiesa monumentale di S. Salvatore al Monte una grandiosa Messa per coro a tre voci dispari, quintetto ad archi ed organo del Maestro P. G, /abbri dei Minori, organista nella suddetta Chiesa e giovane compositore, che provenendo da scuola seria e moalle Croci derna, si avvia decisamente ad una luminosa e sicura carriera artistica.\n",
  "predictions": [
   {
    "span": "P. G",
    "type": "person"
   },
   {
    "span": "Firenze",
    "type": "city"
   },
   {
    "span": "Chiesa monumentale",
    "type": "worship-place"
   },
   {
    "span": "P. G",
    "type": "person"
   },
   {
    "span": "scuola seria e moalle Croci derna",
    "type": "school"
   }
  ]
 },
 {
  "sentence": "Li Inno trionfale, eseguito all\u2019 Offertorio, \u00e8 un brano dell\u2019Oratorio \u00ab Le sette parole \u00bb per coro e grand\u2019orchestra, ridotto dall\u2019Autore per quintetto ed organo: esso risulta composto di un fugato a due temi, dei quali uno esposto dagli archi e l\u2019altro dall\u2019organo, dipoi fondentisi ed intrecciantisi in ampio svolgiche si mento di effetto veramente meraviglioso.\n",
  "predictions": [
   {
    "span": "Li Inno trionfale",
    "type": "music"
   },
   {
    "span": "Offertorio",
    "type": "worship-place"
   },
   {
    "span": "Oratorio",
    "type": "worship-place"
   },
   {
    "span": "Le sette parole",
    "type": "music"
   },
   {
    "span": "Autore",
    "type": "person"
   },
   {
    "span": "fugato",
    "type": "music"
   }
  ]
 },
 {
  "sentence": "l migliore successo ha coronato Ja interessante audizione preceduta da attesa vivissima, Cronache Wotizie Dopo la prima conferenza su \u00ab La Musica dell\u2019Antichit\u00e9 e del Medio Evo \u00bb Tancredi Mantovani ha nuovamente parlato nella il chiaro [collega principesca sala di Palazzo Doria Pamphily, concessa all? Athenaewm, romano, trattando con la nota sua competenza de \u00ab La Musica dal Rinascimento alepoca moderna \u00bb.\n",
  "predictions": [
   {
    "span": "prima conferenza",
    "type": "conference"
   },
   {
    "span": "La Musica",
    "type": "music"
   },
   {
    "span": "Tancredi Mantovani",
    "type": "person"
   },
   {
    "span": "Palazzo Doria Pamphily",
    "type": "building"
   },
   {
    "span": "Athenaewm",
    "type": "person"
   },
   {
    "span": "romano",
    "type": "person"
   },
   {
    "span": "La Musica",
    "type": "music"
   }
  ]
 },
 {
  "sentence": "La illustrazione musicale dei periodi artistici pid importanti e dei compositori pid significativi fu fatta con quella penetrazione interpretativa e con quella fedelta stilistica che la distinguono dalla Signora Nelia Rivalta, che esegui brani di Frescobaldi, di Caccini e Peri, di Monteverdi e di Cavalli, poi di Scarlatti, Pergolesi e Cimarosa, ottenendo vivo consenso di ammirazione e di plauso dall\u2019eletto uditorio.\n",
  "predictions": [
   {
    "span": "Signora Nelia Rivalta",
    "type": "person"
   },
   {
    "span": "Frescobaldi",
    "type": "person"
   },
   {
    "span": "Caccini",
    "type": "person"
   },
   {
    "span": "Peri",
    "type": "person"
   },
   {
    "span": "Monteverdi",
    "type": "person"
   },
   {
    "span": "Cavalli",
    "type": "person"
   },
   {
    "span": "Scarlatti",
    "type": "person"
   },
   {
    "span": "Pergolesi",
    "type": "person"
   },
   {
    "span": "Cimarosa",
    "type": "person"
   }
  ]
 },
 {
  "sentence": "Vera Gobbi Beleredi ha conseguito un trionfo significativo nel concerto interessantissimo che ha di recente dato all\u2019 Athenaeum romano medesimo, Mentre allo .Sfadio di Roma Gaetano Bavagnoli ha iniziato felicemente una stagione di spettacoli lirici all\u2019aperto con Azda, coadiuvato efficacemente dalla Poli-Randaccio, dalla Blanco-Sadun, dal tenore M, Giovannoni, dal baritono Molinari, dal basso Argentini e dal Consoli istruttore del cora, alla millenaria Avena di Verona fervono i preparativi per una consimile stagione, nella quale Edoardo Vitale dirigera Sansone e Dalila nella prima esecuzione in ambiente vastissimo e non chiuso e Pietro Mascagni imprendera il giro mondiale del Piccolo Marat, in una speciale edizione adatta, specie nella scenografia del terzo atto, alla singolaritd del luogo.\n",
  "predictions": [
   {
    "span": "Vera Gobbi Beleredi",
    "type": "person"
   },
   {
    "span": "Athenaeum romano",
    "type": "theater"
   },
   {
    "span": "Gaetano Bavagnoli",
    "type": "person"
   },
   {
    "span": "Azda",
    "type": "person"
   },
   {
    "span": "Poli-Randaccio",
    "type": "person"
   },
   {
    "span": "Blanco-Sadun",
    "type": "person"
   },
   {
    "span": "Giovannoni",
    "type": "person"
   },
   {
    "span": "Molinari",
    "type": "person"
   },
   {
    "span": "Argentini",
    "type": "person"
   },
   {
    "span": "Consoli",
    "type": "person"
   },
   {
    "span": "Edoardo Vitale",
    "type": "person"
   },
   {
    "span": "Sansone e Dalila",
    "type": "music"
   },
   {
    "span": "Pietro Mascagni",
    "type": "person"
   },
   {
    "span": "Piccolo Marat",
    "type": "music"
   }
  ]
 },
 {
  "sentence": "Busoni pianista incomparabile, compositore di musica da camera, illustratore delle Opere di Bach \u00e8 conosciuto da tutti; Busoni autore di opere teatrali nuovo per il gran pubblico, pure avendo scritto quattro opere.e dieci libretti, Era quindi giustificata, anche in Italia, la grande aspettativa per la prima rappresentazione a opere Berlino delle sue \u00ab Turandot \u00bb e \u00ab Arlecchino \u00bb, IL successo piu entusiastico e meritato eli ha arriso.\n",
  "predictions": [
   {
    "span": "Busoni",
    "type": "person"
   },
   {
    "span": "Bach",
    "type": "person"
   },
   {
    "span": "Busoni",
    "type": "person"
   },
   {
    "span": "Italia",
    "type": "city"
   },
   {
    "span": "Berlino",
    "type": "city"
   },
   {
    "span": "Turandot",
    "type": "work-of-art"
   },
   {
    "span": "Arlecchino",
    "type": "work-of-art"
   }
  ]
 },
 {
  "sentence": "Ed \u00e8 successo italiano non soltanto perch\u00e9 Busoni \u00e8 italiano, tiene, ed ha sempre lottato per l\u2019opera italiana in opposizione a quella di Wagner o di Strauss, ma anche e pil per i soggetti scelti, per il titolo di \u00ab Nuova comedia dell\u2019 arte \u00bb dato alle nuove opere, per il modo come esse furono italianamente concepite e musicate.\n",
  "predictions": [
   {
    "span": "Busoni",
    "type": "person"
   },
   {
    "span": "Wagner",
    "type": "person"
   },
   {
    "span": "Strauss",
    "type": "person"
   }
  ]
 },
 {
  "sentence": "Dai cinque atti della favola del Gozzi su Turandot, Busoni ha ricavato un libretto in due, che si eseguiscono di seguito e scorrono rapidi, concisi, spontanei, Per \u00ab Arlecchino \u00bb, del quale ebbe la prima idea ad una rappresentazione del Picello, ha creata una azione brillante, satirica, piacevole, della quale la musica si ricongiunge alla tradizione della nostra opera comica, da Rossini a Verdi, a Wolf-Ferrari\n",
  "predictions": [
   {
    "span": "Busoni",
    "type": "person"
   },
   {
    "span": "Rossini",
    "type": "person"
   },
   {
    "span": "Verdi",
    "type": "person"
   },
   {
    "span": "Wolf-Ferrari",
    "type": "person"
   }
  ]
 },
 {
  "sentence": "U7 e il 22 marzo il illustre violinista Arrigo Serato ha dato due concerti a Vienna, eseguendo nel primo i tre concerti di Bach, Beethoven e Brahms, e nel secondo le soxafe di Beethoven (do minore), Pizzetti e Franck. Ebbe, come si nostro _pud immaginare, un calorosissimo successo.\n",
  "predictions": [
   {
    "span": "Arrigo Serato",
    "type": "person"
   },
   {
    "span": "Vienna",
    "type": "city"
   },
   {
    "span": "Bach",
    "type": "person"
   },
   {
    "span": "Beethoven",
    "type": "person"
   },
   {
    "span": "Brahms",
    "type": "person"
   },
   {
    "span": "soxafe",
    "type": "music"
   },
   {
    "span": "Beethoven",
    "type": "person"
   },
   {
    "span": "Pizzetti",
    "type": "person"
   },
   {
    "span": "Franck",
    "type": "person"
   }
  ]
 },
 {
  "sentence": "Le novita del tempo nostro, gia venne annun\u2018ziato, sono due. L\u2019una \u00e8 il Trittico pucciniano, in tre parti, Zabarro, Suor Angelica e Gianni Schicchi, affidate alla esecuzione delle signore Carena e Casazza, dei tenori Marini e Piccaluga, e del baritono Galeffi; l\u2019altra scelta dopo lungo esame della produzione contemporanea adatta e meritevole di essere presentata alla Scala. \u00e8 un\u2019opera di lidebrando Pizzetti. D\u00e9dora e Ja\u00e9le. Venne tratta, questa, od almeno ne fu suggerito il soggetto, dai libri IV\n",
  "predictions": [
   {
    "span": "Trittico pucciniano",
    "type": "work-of-art"
   },
   {
    "span": "Zabarro",
    "type": "work-of-art"
   },
   {
    "span": "Suor Angelica",
    "type": "work-of-art"
   },
   {
    "span": "Gianni Schicchi",
    "type": "work-of-art"
   },
   {
    "span": "Carena",
    "type": "person"
   },
   {
    "span": "Casazza",
    "type": "person"
   },
   {
    "span": "Marini",
    "type": "person"
   },
   {
    "span": "Piccaluga",
    "type": "person"
   },
   {
    "span": "Galeffi",
    "type": "person"
   },
   {
    "span": "Scala",
    "type": "theater"
   },
   {
    "span": "lidebrando Pizzetti",
    "type": "person"
   }
  ]
 },
 {
  "sentence": "Eseguito dal baritono Mariano Stabile, protagonista, mentre Rigoletto sara il baritono Galefh, il /alsfaff verra inquadrato fra due altri capolavori segnanti, sotto aspetti diversi di forme di nazionalita, due momenti luminosi dell\u2019arte comica musicale: 4 Larbiere di Sivigla di Rossini \u2014- rappresentato per sole poche recite dalla De Hidalgo, dal tenore Hackett, dal baritono. Galeffi e dai. bassi De Angelis e Azzolini ed i Maestri Cantort di Wagner.\n",
  "predictions": [
   {
    "span": "baritono",
    "type": "person"
   },
   {
    "span": "Mariano Stabile",
    "type": "person"
   },
   {
    "span": "Rigoletto",
    "type": "person"
   },
   {
    "span": "Galefh",
    "type": "person"
   },
   {
    "span": "Larbiere di Sivigla",
    "type": "work-of-art"
   },
   {
    "span": "Rossini",
    "type": "person"
   },
   {
    "span": "De Hidalgo",
    "type": "person"
   },
   {
    "span": "Hackett",
    "type": "person"
   },
   {
    "span": "baritono",
    "type": "person"
   },
   {
    "span": "Galeffi",
    "type": "person"
   },
   {
    "span": "De Angelis",
    "type": "person"
   },
   {
    "span": "Azzolini",
    "type": "person"
   },
   {
    "span": "Maestri Cantort",
    "type": "person"
   },
   {
    "span": "Wagner",
    "type": "person"
   }
  ]
 },
 {
  "sentence": "Dal repertorio forestiero oltre ai Maestrit Canfori, cut abbiamo dianzi gia accennato, sono accolte nel cartellone due altre opere di notevolissima importanza, Il Parsifal sara interpretato da Amedeo Bassi, dalla Wildbrunn, da Galefi e da De Angelis.\n",
  "predictions": [
   {
    "span": "Il Parsifal",
    "type": "work-of-art"
   },
   {
    "span": "Amedeo Bassi",
    "type": "person"
   },
   {
    "span": "Wildbrunn",
    "type": "person"
   },
   {
    "span": "Galefi",
    "type": "person"
   },
   {
    "span": "De Angelis",
    "type": "person"
   }
  ]
 },
 {
  "sentence": "Se il numero dei protessori orchestra salira a 100 ed il Ranzato sara il violino di spalla, quello dei coristi gia impegnati fin dal 20 ottobre nelle prove raggiunge i 120, dietro la guida del maestro Vittore Veneziani. Quattro vegisseurs regoleranno i movimenti scenici; a cinque scenografi venne affidato Vallestimento delle scene. Essi sono Rota, Rovescalli, Marchioro, Santoni e Grandi.\n",
  "predictions": [
   {
    "span": "Ranzato",
    "type": "theater"
   },
   {
    "span": "Vittore Veneziani",
    "type": "person"
   },
   {
    "span": "Vallestimento delle scene",
    "type": "theater"
   },
   {
    "span": "Rota",
    "type": "city"
   },
   {
    "span": "Rovescalli",
    "type": "person"
   },
   {
    "span": "Marchioro",
    "type": "person"
   },
   {
    "span": "Santoni",
    "type": "person"
   },
   {
    "span": "Grandi",
    "type": "person"
   }
  ]
 },
 {
  "sentence": "Comunque ecco il completo elenco degli eseesecutori : Ecco Velenco degli esecutori : Maria Avezza, Linda Cannetti, Juanita Caracciolo, Maria Carena, Elvira Casazza, Toti Dalmonte, EIvira de Hidalgo, Mafalda de Voltri, Eva Didur, Cesira Ferrari, Anna Gramegna, Nera Marmora, Auna Masetti Bassi, Margherita Sheridan, Giulia Tess, Mita Vasari, Elena Wildbrunn, Noretta Zonghi.\n",
  "predictions": [
   {
    "span": "Maria Avezza",
    "type": "person"
   },
   {
    "span": "Linda Cannetti",
    "type": "person"
   },
   {
    "span": "Juanita Caracciolo",
    "type": "person"
   },
   {
    "span": "Maria Carena",
    "type": "person"
   },
   {
    "span": "Elvira Casazza",
    "type": "person"
   },
   {
    "span": "Toti Dalmonte",
    "type": "person"
   },
   {
    "span": "EIvira de Hidalgo",
    "type": "person"
   },
   {
    "span": "Mafalda de Voltri",
    "type": "person"
   },
   {
    "span": "Eva Didur",
    "type": "person"
   },
   {
    "span": "Cesira Ferrari",
    "type": "person"
   },
   {
    "span": "Anna Gramegna",
    "type": "person"
   },
   {
    "span": "Nera Marmora",
    "type": "person"
   },
   {
    "span": "Auna Masetti Bassi",
    "type": "person"
   },
   {
    "span": "Margherita Sheridan",
    "type": "person"
   },
   {
    "span": "Giulia Tess",
    "type": "person"
   },
   {
    "span": "Mita Vasari",
    "type": "person"
   },
   {
    "span": "Elena Wildbrunn",
    "type": "person"
   },
   {
    "span": "Noretta Zonghi",
    "type": "person"
   }
  ]
 },
 {
  "sentence": "Saranno maestri concertatorit e direttori d\u2019orchestra: Arturo Toscanini ed Ettore Panizza; altri maestri e sostitutt: Ferruccio Calusio, Sergio Failoni, Mario Frigerio, Antonino Votto; maestro del coro Vittore Veneziani.\n",
  "predictions": [
   {
    "span": "Arturo Toscanini",
    "type": "person"
   },
   {
    "span": "Ettore Panizza",
    "type": "person"
   },
   {
    "span": "Ferruccio Calusio",
    "type": "person"
   },
   {
    "span": "Sergio Failoni",
    "type": "person"
   },
   {
    "span": "Mario Frigerio",
    "type": "person"
   },
   {
    "span": "Antonino Votto",
    "type": "person"
   },
   {
    "span": "Vittore Veneziani",
    "type": "person"
   }
  ]
 },
 {
  "sentence": "Gerolamo Frescobaldi del cinquecento con Bernardo Pasquini e Michelangelo Rossi del seicento hanno rievocato il primato musicale italiano sul mondo intero, di gloriosa memoria, attraverso Varte interpretativa e la tecnica insuperata di un lontano e degno seguace, gid cicimentatosi e riaffermatosi solidamente anche nella veste di compositore con un\u2019originale ed elegante Berceuse euna buona foccata\n",
  "predictions": [
   {
    "span": "Gerolamo Frescobaldi",
    "type": "person"
   },
   {
    "span": "Bernardo Pasquini",
    "type": "person"
   },
   {
    "span": "Michelangelo Rossi",
    "type": "person"
   },
   {
    "span": "mondo intero",
    "type": "location"
   },
   {
    "span": "Berceuse",
    "type": "music"
   }
  ]
 },
 {
  "sentence": "Nell\u2019inaugurazione del 262\u00b0 anno accademico in Arcadia (Roma) oltre la parte oratoria, assolta degnamente dal Custode Generale Mons. prof. E, Salvadori e da Mons. G, Cascioli, il quale ha parlato del grande di Palestrina, anche la parte musicale ha avuto notevole rilievo per merito di D. Alaleona, che ha concertato e diretto con profonda penetrazione dello stile e dello spirito poetico e mistico che le anima due laudi spirituali a tre voci ed un grandioso Inno, in quattro episodi, dedicato a San Francesco dallo stesso principe della musica sacra.\n",
  "predictions": [
   {
    "span": "Arcadia",
    "type": "location"
   },
   {
    "span": "Roma",
    "type": "city"
   },
   {
    "span": "Mons. prof. E, Salvadori",
    "type": "person"
   },
   {
    "span": "Mons. G, Cascioli",
    "type": "person"
   },
   {
    "span": "D. Alaleona",
    "type": "person"
   },
   {
    "span": "Inno",
    "type": "music"
   },
   {
    "span": "San Francesco",
    "type": "person"
   }
  ]
 },
 {
  "sentence": "La Sectela del Quarteltlo nella imminente stagione dara: a) Alcuni concerti di musica strumentale da camera eseguiti da Longo, Cantani, Viterbini, Parmiciano e Scarano; 6) Due concerti in abbonamento delle pianiste Olga Greco e Rina Rossi ; c) Un del Gaspar Cayado della scuola del celebre Pablo Casals violoncellista spagnuolo concerto ; d) Un concerto beethoveniano, con la Sonata a Kreutzer, di A. Serato ed E Consolo e) Un concerto di musica vocale della celebre , ; cantante tedesca Sifrid Hoffmann Onegin; 7) Quattro concerti straordinari, Consolo, due di Tina Filipponi.\n",
  "predictions": [
   {
    "span": "Longo",
    "type": "person"
   },
   {
    "span": "Cantani",
    "type": "person"
   },
   {
    "span": "Viterbini",
    "type": "person"
   },
   {
    "span": "Parmiciano",
    "type": "person"
   },
   {
    "span": "Scarano",
    "type": "person"
   },
   {
    "span": "Olga Greco",
    "type": "person"
   },
   {
    "span": "Rina Rossi",
    "type": "person"
   },
   {
    "span": "Gaspar Cayado",
    "type": "school"
   },
   {
    "span": "Pablo Casals",
    "type": "person"
   },
   {
    "span": "concerto beethoveniano",
    "type": "music"
   },
   {
    "span": "Sonata a Kreutzer",
    "type": "music"
   },
   {
    "span": "A. Serato",
    "type": "person"
   },
   {
    "span": "E Consolo",
    "type": "person"
   },
   {
    "span": "Sifrid Hoffmann Onegin",
    "type": "person"
   },
   {
    "span": "Consolo",
    "type": "person"
   },
   {
    "span": "Tina Filipponi",
    "type": "person"
   }
  ]
 },
 {
  "sentence": "Ad esso, che riassume le doti pit belle dei nostri grandi conduttori di masse orchestrali, fanno corona nell\u2019interpretazione del popolare spartito boiil Ferroni, la Riboldi, la Notargiacomo, 1\u2019Agozzino ed il tenore Minghetti, che, reduce da potiano, che ore dall\u2019America, ha sostituito con cavalleresco spirito di colleganza Vinfermo Polveroni.\n",
  "predictions": [
   {
    "span": "popolare spartito",
    "type": "music"
   },
   {
    "span": "Ferroni",
    "type": "person"
   },
   {
    "span": "Riboldi",
    "type": "person"
   },
   {
    "span": "Notargiacomo",
    "type": "person"
   },
   {
    "span": "Agozzino",
    "type": "person"
   },
   {
    "span": "Minghetti",
    "type": "person"
   },
   {
    "span": "America",
    "type": "continent"
   },
   {
    "span": "Vinfermo Polveroni",
    "type": "person"
   }
  ]
 },
 {
  "sentence": "Tanto di guadagnato se Egli sapra scoprire nel mondo degli architetti, degli scultori, dei pittori, dei cesellatori i nuovi Donatello, 1 nuovi Leonardo, i nuovi Michelangiolo, 1 nuovi Raffaello, i nuovi Cellini e vorra offrire ad essi il modo di creare nuovi capolavori; ma, anche quando non sentisse la bellezza che s\u2019irradia dalle opere del genio, non gli sarebbe pit possibile di compiere uno di quel gesti pei quali le cronache di tempi gia molto lontani poterono lasciar scritto, a torto o a ragione, guod non fecerunt barbari...\n",
  "predictions": [
   {
    "span": "Egli",
    "type": "person"
   },
   {
    "span": "Donatello",
    "type": "person"
   },
   {
    "span": "Leonardo",
    "type": "person"
   },
   {
    "span": "Michelangiolo",
    "type": "person"
   },
   {
    "span": "Raffaello",
    "type": "person"
   },
   {
    "span": "Cellini",
    "type": "person"
   }
  ]
 },
 {
  "sentence": "Comunque gli fanno corona porporati qualiil Cagliero, giacultore dell\u2019arte dei suoni, ed il Ranuzzi, che giovinetto anche lui imparo a tener l\u2019arco sul violoncello; prelati amantissimi di cose musicali; maestri quali il Perosi ed il Rella della Sistina ed il Boezi della Cappella Giulia, tutte personalita edotte di quanto occorra fare perch\u00e9 il Motu Proprio (1903) di Papa Sarto possa avere la pit larga e fedele applicazione possibile.\n",
  "predictions": [
   {
    "span": "Cagliero",
    "type": "person"
   },
   {
    "span": "il Ranuzzi",
    "type": "person"
   },
   {
    "span": "il Perosi",
    "type": "person"
   },
   {
    "span": "Rella",
    "type": "person"
   },
   {
    "span": "Boezi",
    "type": "person"
   },
   {
    "span": "Cappella Giulia",
    "type": "worship-place"
   },
   {
    "span": "Motu Proprio",
    "type": "law"
   },
   {
    "span": "Papa Sarto",
    "type": "person"
   }
  ]
 },
 {
  "sentence": "Quando, alcuni anni or sono, prima che Mons. Ratti partisse per la Polonia, io ebbi la buona ventura di conoscerlo rimasi preso da un senso di sconfinata ammirazione per Vallora Prefetto della Biblioteca Vaticana.\n",
  "predictions": [
   {
    "span": "Mons. Ratti",
    "type": "person"
   },
   {
    "span": "Polonia",
    "type": "country"
   },
   {
    "span": "Vallora Prefetto",
    "type": "person"
   },
   {
    "span": "Biblioteca Vaticana",
    "type": "organization"
   }
  ]
 },
 {
  "sentence": "Tali lessici, indicando inesattamente che nella Biblioteca Vaticana si conservasse un manoscritto settecentesco non pit rinvenibile nella Biblioteca Corsiniana ove io attendevo alla catalogazione ed illustrazione della antica ed annessa Collezione musicale, m\u2019avevano fatto sorgere un dubbio dal quale non riuscivo a liberarmi.\n",
  "predictions": [
   {
    "span": "Biblioteca Vaticana",
    "type": "building"
   },
   {
    "span": "Biblioteca Corsiniana",
    "type": "building"
   }
  ]
 },
 {
  "sentence": "In tempi ormai preistorici, i frequentatori di quleYunico ostello di musica sinfonica che era a Roma Piazza Colonna, si accapigliavano per la \u00ab barbarie \u00bb di Wagner, In tempi men remoti, i frequentatori dell'\u00ab Augusteo \u00bb e del \u00ab Costanzi \u00bb sibilavano col senso di compiere un sacrosanto dovere ogni battuta che portasse la firma di Debussy.\n",
  "predictions": [
   {
    "span": "frequentatori",
    "type": "person"
   },
   {
    "span": "Roma",
    "type": "city"
   },
   {
    "span": "Piazza Colonna",
    "type": "location"
   },
   {
    "span": "Wagner",
    "type": "person"
   },
   {
    "span": "Debussy",
    "type": "person"
   }
  ]
 },
 {
  "sentence": "Se Beethoven rivivesse scrivesse al giorno d\u2019oggi un secondo concerto per violino, poveretto lui! Farebbe la fine del risorto Raffaello, nel\u2019arguto romanzo di Aristide Sartorio! O sapete, cosa fard l\u2019anno venturo, se i fatti mi permetteranno di aprire un Seminario musicale in piena regola? Indovinate? No, non indovinerete mai.\n",
  "predictions": [
   {
    "span": "Beethoven",
    "type": "person"
   },
   {
    "span": "Raffaello",
    "type": "person"
   },
   {
    "span": "Aristide Sartorio",
    "type": "person"
   },
   {
    "span": "Seminario musicale",
    "type": "conference"
   }
  ]
 },
 {
  "sentence": "Cento anni fa all\u2019incirca, dopo che Pergolesi, Piccinni, Sacchini, Paisiello, Cimarosa e tutti i grandi e piccoli musici della scuola napoletana ebbero pervaso il mondo delle loro arie ed ariette, dei loro duettini e duetti del Parnaso musicale aggrottarono i folti sopraccigli, si melodrammatici, i baccalari grattarono le parrucche e per un momento pensarono che tanto sfoggio di melodia avesse inaridite le fonti creative e con le sette note della gamma restasse ancora ben poco a fare: manco a farlo apposta proprio in quegli anni appariva all\u2019 orizzonte il genio di Gioacchino Rossini.\n",
  "predictions": [
   {
    "span": "Pergolesi",
    "type": "person"
   },
   {
    "span": "Piccinni",
    "type": "person"
   },
   {
    "span": "Sacchini",
    "type": "person"
   },
   {
    "span": "Paisiello",
    "type": "person"
   },
   {
    "span": "Cimarosa",
    "type": "person"
   },
   {
    "span": "scuola napoletana",
    "type": "school"
   },
   {
    "span": "Gioacchino Rossini",
    "type": "person"
   }
  ]
 },
 {
  "sentence": "Mentre limpegno pil vivo, insolito, ogni interprete, ogni collaboratore pone nella migliore possibile preparazione e concertazione di Giulielta e Romeo, che l\u2019autore stesso, il triestino ed italianissimo Riccardo Zandonai, presentera, sotto la sua direzione, martedi sera, prossimo, al battesimo del pubblico cosmopolita di Roma, Gioacchino Forzano e Luigi Ferrari-Trecate si sono calorosamente fatti applaudire al Teatro dei Piccoli, ove \u00e8 andata in iscena la loro faba musicale in due atti e cinque quadri \u00ab Ciottolino \u00bb.\n",
  "predictions": [
   {
    "span": "Riccardo Zandonai",
    "type": "person"
   },
   {
    "span": "Roma",
    "type": "city"
   },
   {
    "span": "Gioacchino Forzano",
    "type": "person"
   },
   {
    "span": "Luigi Ferrari-Trecate",
    "type": "person"
   },
   {
    "span": "Teatro dei Piccoli",
    "type": "theater"
   },
   {
    "span": "Ciottolino",
    "type": "work-of-art"
   }
  ]
 },
 {
  "sentence": "Avrebbe dovuto esserlo invece il Molinari, che, di ritorno dai trionfali successi all\u2019estero, si \u00e8 ripresentato con un interessantissimo programma, amorosamente sapientemente preparato, tutto di musiche italiane. Avrebbero dovuto esserlo, a turno, diremo cosi, Domenico Scarlatti (nella smagliante ed indovinatissima rielobarazione e veste orchestrale data dal nostro bravo Vincenzo Tommasini ad alcune sue geniali sonate clavicembalistiche), Gioacchino Rossini\n",
  "predictions": [
   {
    "span": "Molinari",
    "type": "person"
   },
   {
    "span": "musiche italiane",
    "type": "music"
   },
   {
    "span": "Domenico Scarlatti",
    "type": "person"
   },
   {
    "span": "Vincenzo Tommasini",
    "type": "person"
   },
   {
    "span": "Gioacchino Rossini",
    "type": "person"
   }
  ]
 },
 {
  "sentence": "Soltanto mettendoci da questo punto di vista possiamo spiegarci perch\u00e9 il concerto gregoriano del Respighi, le /mpressioni pagane del Davico, ed.i Tre cant d\u2019amore del Mantica \u2014\u2014 composizioni diversissime, oltre che per la forma, per contenuto ideologico, per struttura armonica e contrepuntistica e per veste strumentale hanno subito tutti e tre la sorte comune di un\u2019accoglienza parimenti contrastata, in prevalenza ostile.\n",
  "predictions": [
   {
    "span": "concerto gregoriano",
    "type": "music"
   },
   {
    "span": "Respighi",
    "type": "person"
   },
   {
    "span": "Mantica",
    "type": "person"
   }
  ]
 },
 {
  "sentence": "Perch\u00e9 ci si pud convincere che le nuove opere su menzionate non contengano nessuna le qualita sufficienti ad accendere d\u2019entusiasmo un gran pubblico il concerto del Respighi ingenera un senso di stanchezza e di monotonia nonostante la bellezza intrinseca dei due temi gregoriani, le /mpresstZonz del Davico sono esclusivamente coloristiche, i canfi del Mantica di carattere troppo intimo per espandersi in un ambiente vasto come l\u2019Augusteo:\n",
  "predictions": [
   {
    "span": "Respighi",
    "type": "person"
   },
   {
    "span": "Mantica",
    "type": "person"
   }
  ]
 },
 {
  "sentence": "Se non ci fosse stato 11 valoroso Molinari al podio direttoriale, se Varco del violino nel concerto del Respighi non fosse stato tenuto da Mario Corti con quella sicura padronanza di stile, con quel perfetto dominio della tecnica e con quella profonda sensibilita dell\u2019interprete acuto indagatore e scopritore di ogni meno visibile intenzione degli autori, che fanno di esso un campione dell\u2019arte violinistica non soltanto italiana; se le liriche del Mantica non fossero state affidate per la parte vocale ad una cantante veramente incantatrice per bellezza di voce e per espressione interpretativa qual\u2019\u00e9 Anna Maria Mendicini-Pasetti, forse, il concerto non sarebbe giunto neppure alla fine, tanto ci  \u00e8 parso inspiegabile il contegno del pubblico durante il suo svolgimento.\n",
  "predictions": [
   {
    "span": "Molinari",
    "type": "person"
   },
   {
    "span": "concerto",
    "type": "event"
   },
   {
    "span": "Respighi",
    "type": "person"
   },
   {
    "span": "Mario Corti",
    "type": "person"
   },
   {
    "span": "Anna Maria Mendicini-Pasetti",
    "type": "person"
   },
   {
    "span": "concerto",
    "type": "event"
   }
  ]
 },
 {
  "sentence": "I componenti insigni della nuova Societa Alberto Veggetti (flauto), Riccardo Scozzi (oboe), Carlo Luperti (clarinetto), Marsilio Ceccarelli (corno)e Gino Barabaschi (fagotto) debbono essere giustamente orgogliosi dell\u2019accoglienza oltre ogni dire festosa ricevuta, durante tutto 1] concerto inaugurale.\n",
  "predictions": [
   {
    "span": "nuova Societa",
    "type": "organization"
   },
   {
    "span": "Alberto Veggetti",
    "type": "person"
   },
   {
    "span": "flauto",
    "type": "music"
   },
   {
    "span": "Riccardo Scozzi",
    "type": "person"
   },
   {
    "span": "oboe",
    "type": "music"
   },
   {
    "span": "Carlo Luperti",
    "type": "person"
   },
   {
    "span": "clarinetto",
    "type": "music"
   },
   {
    "span": "Marsilio Ceccarelli",
    "type": "person"
   },
   {
    "span": "Gino Barabaschi",
    "type": "person"
   }
  ]
 },
 {
  "sentence": "Nella stessa sala la violinista Ida Ricci e la pianista Giuditta Sartori \u2014 l\u2019una una concertista che ha al suo attivo notevoli successi all\u2019estero, l\u2019altra un\u2019artista molto ammirata nel mondo musicale romano --- hanno tenuto, per proprio conto, un importante concerto, in cui la giustezza della fama. di cui godono \u00e8 stata pienamente confermata.\n",
  "predictions": [
   {
    "span": "Ida Ricci",
    "type": "person"
   },
   {
    "span": "Giuditta Sartori",
    "type": "person"
   },
   {
    "span": "importante concerto",
    "type": "event"
   }
  ]
 },
 {
  "sentence": "Nella Sonata in sol min. di Tartint e nella Sonata in Za mix. di Schumann le due valorose interpreti hanno saputo fondere le voci dei due strumenti in un\u2019espressione complessiva, suggestiva e commovente capace di dar rilievo alle bellezze intrinsiche delle due composizioni ed ai pregi esteriori della tecnica cosi differente in esse.\n",
  "predictions": [
   {
    "span": "Sonata in sol min.",
    "type": "work-of-art"
   },
   {
    "span": "Tartint",
    "type": "person"
   },
   {
    "span": "Sonata in Za mix.",
    "type": "work-of-art"
   },
   {
    "span": "Schumann",
    "type": "person"
   }
  ]
 },
 {
  "sentence": "Per altro a convincerci della capacita interpretativa, del gusto e della preparazione tecnica cosi della Ricci che della Sartori sarebbe bastato udire dalla prima i pezzi scelti dal repertorio violinistico classico e romantico e dalla seconda quelli tratti dal. repertorio pianistico.\n",
  "predictions": [
   {
    "span": "Ricci",
    "type": "person"
   },
   {
    "span": "Sartori",
    "type": "person"
   },
   {
    "span": "repertorio violinistico classico",
    "type": "music"
   },
   {
    "span": "repertorio pianistico",
    "type": "music"
   }
  ]
 },
 {
  "sentence": "Nella sala maggiore del Collegio Romano.si sono iniziati col valido concorso del Quartetto ad archi della Societa Amici della Musica diretto da Eugenio Albini e della pianista Augusta Coen i concerti popolar? organizzati da // Giornale della donna e dei quali demmo l\u2019annunzio nel numero precedente\n",
  "predictions": [
   {
    "span": "Collegio Romano",
    "type": "worship-place"
   },
   {
    "span": "Quartetto ad archi",
    "type": "music"
   },
   {
    "span": "Societa Amici della Musica",
    "type": "organization"
   },
   {
    "span": "Eugenio Albini",
    "type": "person"
   },
   {
    "span": "Augusta Coen",
    "type": "person"
   },
   {
    "span": "Giornale della donna",
    "type": "newspaper"
   }
  ]
 },
 {
  "sentence": "Nell\u2019oratorio di San Marcello, famoso per I\u2019architettura del Vignola e per le pitture degli Zuccari, il ben noto maestro Cardenio Botti ha iniziato dopo l\u2019Alaleona anche lui felicemente una serie di concerti vocali-strumentali a beneficio della \u00ab Casa degli Artisti \u00bb\n",
  "predictions": [
   {
    "span": "Cardenio Botti",
    "type": "person"
   }
  ]
 },
 {
  "sentence": "l Botti, coadiuvato dal violinista Eugenio Bozza (un giovane che avra un avvenire luminoso se continuera a studiare), dalla provetta arpista Libuje Bohmova e dalla promettente soprano Amelia Catenacci, ha svolto nel primo di detti concerti, sedendo egli all\u2019organo, un programma eclettico adatto all\u2019ambiente mistico e recentemente riaperto per l\u2019ormai superbo presepe degli artist\u00e9 ideato dal poeta Guido Guida, Una e/egia assai ispirata ed una soave preghiera alla Vergine Benedetta, la prima per violino, arpa ed organo e la seconda per canto e arpa, entrambe dello stesso Botti sono molto piaciute all\u2019eletto pubblico di musicisti e di autorita, fra le quali l\u2019on. Rosadi, intervenuti alla benefica festa, Ai Circole Marchigiano Elena D\u2019Ambrosio, la squisita cantante di musica da camera, ha riportato un notevole successo, specialmente nella lirica La felicita del giovane quanto bravo compositore F.\n",
  "predictions": [
   {
    "span": "Botti",
    "type": "person"
   },
   {
    "span": "Eugenio Bozza",
    "type": "person"
   },
   {
    "span": "Libuje Bohmova",
    "type": "person"
   },
   {
    "span": "Amelia Catenacci",
    "type": "person"
   },
   {
    "span": "Guido Guida",
    "type": "person"
   },
   {
    "span": "Botti",
    "type": "person"
   },
   {
    "span": "on. Rosadi",
    "type": "person"
   },
   {
    "span": "Elena D\u2019Ambrosio",
    "type": "person"
   }
  ]
 },
 {
  "sentence": "Oltre la D\u2019Ambrosio sono stati festeggiati il violinista Bozza nell\u2019esecuzione di una fine composizione, Lzberata, di Vinc. di Donato ed in musiche di Chopin e di Paganini, il giovane\u2019 pianista, nel suo primo pubblico cimento artistico, Dario Vayra Gallo nel rendere musiche di Chopin, di Schubert e di Schumann e gli stessi Bozza e Vayra nella degna presentazione di un poemetto per piano e violino che Cardenio Botti ha ideato liberamente per i due strumenti che si commentano a vicenda e $i compenetrano e si fondono senza mai che l\u2019uno si sovrapponga all\u2019altro e viceversa e senza che nessuno dei due infranga o snaturi il linguaggio musicale con risorse o con ripieghi di virtuosismo inopportuno.\n",
  "predictions": [
   {
    "span": "Bozza",
    "type": "person"
   },
   {
    "span": "Vinc. di Donato",
    "type": "person"
   },
   {
    "span": "Chopin",
    "type": "person"
   },
   {
    "span": "Paganini",
    "type": "person"
   },
   {
    "span": "Dario Vayra Gallo",
    "type": "person"
   },
   {
    "span": "Chopin",
    "type": "person"
   },
   {
    "span": "Schubert",
    "type": "person"
   },
   {
    "span": "Schumann",
    "type": "person"
   },
   {
    "span": "Bozza",
    "type": "person"
   },
   {
    "span": "Cardenio Botti",
    "type": "person"
   }
  ]
 },
 {
  "sentence": "La pianista Maria Capoccetti, che accoppia un\u2019anima generosa al talento singolare di artista, ha voluto concorrere, suonando come essa sa musiche di Rossini, di Mendelssohn, di Chopin, di Liszt, d; Wagner e di Baton, alla riuscita del concerto del te. nore Emanuele Riadnoff, cantante delicato quanto squisito, tenutosi al Cirvcolo Russo sere or sono\n",
  "predictions": [
   {
    "span": "Maria Capoccetti",
    "type": "person"
   },
   {
    "span": "Mendelssohn",
    "type": "person"
   },
   {
    "span": "Chopin",
    "type": "person"
   },
   {
    "span": "Liszt",
    "type": "person"
   },
   {
    "span": "Baton",
    "type": "person"
   },
   {
    "span": "Emanuele Riadnoff",
    "type": "person"
   },
   {
    "span": "Cirvcolo Russo",
    "type": "location"
   }
  ]
 },
 {
  "sentence": "Il giovane pianista Carlo Zecchi, della scuola di composizione dell\u2019illustre maestro L. Refice, ha riportato un lusinghiero successo nel suo recente concerto alla Sala Nazareno, distinguendosi specie nelVinterpretazione di musiche classiche e romantiche.\n",
  "predictions": [
   {
    "span": "Carlo Zecchi",
    "type": "person"
   },
   {
    "span": "scuola di composizione",
    "type": "school"
   },
   {
    "span": "Sala Nazareno",
    "type": "worship-place"
   },
   {
    "span": "musiche classiche e romantiche",
    "type": "music"
   }
  ]
 },
 {
  "sentence": "Domenica (19 c. m.), sul Pincio, alle 15,30, Pillustre maestro Alessandro Vessella, col concorso della rinomata Banda Musicale del Comune di Roma, commemorera per il primo, musicalmente, Luzgi Mancinelli, dirigendo un concerto tutto costituito di composizioni del grande e compianto estinto e tutte trascritte dal Vessella stesso per lo strumentale bandistico.\n",
  "predictions": [
   {
    "span": "sul Pincio",
    "type": "location"
   },
   {
    "span": "Alessandro Vessella",
    "type": "person"
   },
   {
    "span": "concorso",
    "type": "event"
   },
   {
    "span": "Banda Musicale del Comune di Roma",
    "type": "organization"
   },
   {
    "span": "Luzgi Mancinelli",
    "type": "person"
   },
   {
    "span": "concerto",
    "type": "event"
   }
  ]
 },
 {
  "sentence": " I] programma di tale importantissimo concerto commemorativo comprende: la Marcia trionfale e Vouverture della Cleopatra; I voti di S. Chiara ed Lf Corteo imperiale nella valle di Spoleto tratti da Frate Sole\n",
  "predictions": [
   {
    "span": "Marcia trionfale",
    "type": "event"
   },
   {
    "span": "S. Chiara",
    "type": "person"
   },
   {
    "span": "Frate Sole",
    "type": "person"
   }
  ]
 },
 {
  "sentence": "La giovane quanto rinomata pianista Ada La Face ha compiuto recentemente un giro di concerti nell\u2019 Italia meridionale, riportando dovunque e specialmente a Reggio Calabria, successi degni di essere segnalati,\n",
  "predictions": [
   {
    "span": "Ada La Face",
    "type": "person"
   },
   {
    "span": "Italia meridionale",
    "type": "location"
   },
   {
    "span": "Reggio Calabria",
    "type": "city"
   }
  ]
 },
 {
  "sentence": "E\u201d in questo momento avventuroso della sua esistenza che gli si offre la opportunit\u00e9 di aggiungere alla cetra di lirico la corda di poeta drammatico, quando nel 1779, in occasione degli sponsali \u00ab delle Eccellenze Loro, il Sig. Don Filippo Caetani, Priacipe di Peano, e della signora Donna Elena de\u2019 Princip: Albani\u00bb, scrisse il suo primo componimento drammatico: Giunone placata.\n",
  "predictions": [
   {
    "span": "Sig. Don Filippo Caetani",
    "type": "person"
   },
   {
    "span": "Giunone placata",
    "type": "work-of-art"
   }
  ]
 },
 {
  "sentence": "Nel 1782 un fausto avvenimento, atteso e invocato, allieta Pangi e la Francia tutta: la Corte e la Citta, come allora dicevasi, sono concordemente festose ed esultanti per la nascita del primo figho di Luigi XVI ec di Maria Antonietta, quello sventurato Delfino, che sette anni dope doveva essere la innocente vittima della pil sanguinosa tragedia, che siasi svolta innanzi agli occhi inorriditi del mondo moderno.\n",
  "predictions": [
   {
    "span": "Pangi",
    "type": "city"
   },
   {
    "span": "Francia",
    "type": "country"
   },
   {
    "span": "Corte",
    "type": "city"
   },
   {
    "span": "Citta",
    "type": "city"
   },
   {
    "span": "Luigi XVI",
    "type": "person"
   },
   {
    "span": "Maria Antonietta",
    "type": "person"
   },
   {
    "span": "Delfino",
    "type": "person"
   }
  ]
 },
 {
  "sentence": "Di queste musiche del Cimarosa e del Borroni non ho trovato traccia; ma cid non deve metravigliare, qualora si consideri che i nostri fecon= dissimi maestri del Settecento e anche dei primi anni dell\u2019Ottocento, da gran signori prodighi della melodia, non tenevano a conservare queste piccole partiture; tutt\u2019al pil, se in esse vi era qualche bel pezzo, lo utilizzavano trasportandolo in una delle loro successive opere.\n",
  "predictions": []
 },
 {
  "sentence": "ci basti ricordare che ne furono giudici il Monti, il Laroberti, il Compagnoni e il Policastro, e che come tanti altri concorsi lascid il tempv cbe aveva irovato; anzi si fini col non assegnare nemmeno il premio ai due melodrammi prescelti; la Callizoe di Cesare Arrici, professore di eloquenza a Brescia, e il Naso in pericolo di Giovanni Gherardini, autore, oltre che del noto \u00ab supplemento ai vocabolari italiani \u00bb, anche di libretti, tra cut quello della Gazza Ladra di Rossini\n",
  "predictions": [
   {
    "span": "il Monti",
    "type": "person"
   },
   {
    "span": "Laroberti",
    "type": "person"
   },
   {
    "span": "Compagnoni",
    "type": "person"
   },
   {
    "span": "Policastro",
    "type": "person"
   },
   {
    "span": "la Callizoe",
    "type": "work-of-art"
   },
   {
    "span": "Cesare Arrici",
    "type": "person"
   },
   {
    "span": "Brescia",
    "type": "city"
   },
   {
    "span": "Naso in pericolo",
    "type": "work-of-art"
   },
   {
    "span": "Giovanni Gherardini",
    "type": "person"
   },
   {
    "span": "Gazza Ladra",
    "type": "work-of-art"
   },
   {
    "span": "Rossini",
    "type": "person"
   }
  ]
 },
 {
  "sentence": "I Pitagorici (anzi nella stampa Pittagorici) sono un vero e\u20ac proprio melodramma in un atto e diciasette scene, che il Monti scrisse e che il Paisiello musicd, quando a Napoli, nel 1808, si sperava nella visita di Napoleone, che poi non effettud il progettato viaggio, onde lo spettacolo venne eseguito nel Teatro San Carlo, il 10 matzo, alla presenza del re Giuseppe Bonaparte al quale l\u2019opera dedicata.\n",
  "predictions": [
   {
    "span": "Monti",
    "type": "person"
   },
   {
    "span": "Paisiello",
    "type": "person"
   },
   {
    "span": "Napoli",
    "type": "city"
   },
   {
    "span": "Napoleone",
    "type": "person"
   },
   {
    "span": "Teatro San Carlo",
    "type": "theater"
   },
   {
    "span": "re Giuseppe Bonaparte",
    "type": "person"
   }
  ]
 },
 {
  "sentence": "Il Florimo nella sua nota opera: La Scuola Musicale ai Napoli, narra \u00abche ritornato Ferdinando IV nel 1815, al Paisiello, perch\u00e9 aveva servito 1 nuovi dominatori e messo in musica i Pitagorici, tutto fu tolto, meno i] posto di Mae-\u2014 stro della Reale Cappella, dovuto al merito e non al favore, perch\u00e9 gia dalla sua fondazione tale posto venne destinato ai benemeriti deli\u2019arte.\n",
  "predictions": [
   {
    "span": "Il Florimo",
    "type": "person"
   },
   {
    "span": "Napoli",
    "type": "city"
   },
   {
    "span": "Ferdinando IV",
    "type": "person"
   },
   {
    "span": "Paisiello",
    "type": "person"
   },
   {
    "span": "Reale Cappella",
    "type": "worship-place"
   }
  ]
 },
 {
  "sentence": "Ma un\u2019umiliazione ebbe a soffrire il Paisiello nella gran Gala del 30 maggio 1816, che il re tenne in Corte dopo il ritorno, I! vecchio Maestro era stato di diritto invitato; perd nel giro che Ferdinando fece nella sala del trono, quando s'imbatt\u00e9 in lui, che umilissimamente si inchinava per baciargli la mano secondo I\u2019antica costumanza spagnola, la ritir\u00e9 sdegnoso e voltd le spalle.\n",
  "predictions": [
   {
    "span": "Paisiello",
    "type": "person"
   },
   {
    "span": "gran Gala",
    "type": "festival"
   },
   {
    "span": "re",
    "type": "person"
   },
   {
    "span": "Corte",
    "type": "location"
   },
   {
    "span": "vecchio Maestro",
    "type": "person"
   },
   {
    "span": "Ferdinando",
    "type": "person"
   }
  ]
 },
 {
  "sentence": "Preterisco finire guardando il Monti sotto un aspetto bonariamente arguto, quale autore della Stratonica, parodia dei melodrammi allora in uso, scritta in collaborazione col Lamberti, posta in musica da anonimo compositore, e fatta rappresentare per burla, ma non senza meritato successo; poich\u00e9 questa parodia (forse ispirata dai libretti del menzionato concorso)  \u00e8 trattata con placevole spirito caricaturale e delinea figure gustosamente comiche, tra le altre un Jannicolo (allusione al librettista Gianni), simbolo e cari catura dei pil famigerati fabbricatoii di hbretti d\u2019opera.\n",
  "predictions": [
   {
    "span": "Stratonica",
    "type": "work-of-art"
   },
   {
    "span": "Lamberti",
    "type": "person"
   },
   {
    "span": "anonimo compositore",
    "type": "person"
   },
   {
    "span": "Gianni",
    "type": "person"
   }
  ]
 },
 {
  "sentence": "Se non che, comunque le cose stiano in proposito, certo che il nome del Rocca, gia da parecchi anni non \u00e8 ignoto neppur all\u2019estero e pertanto gia non lo era quando la sua Cella azzurra \u2014 cui nel 1925 si apersero per un notevole successo le porte dell\u2019 Augusteo \u2014- figurd nella prima \u00ab Mostra italiana del novecento musicale \u00bb teautasi a Bologna durante la primavera del 1927.\n",
  "predictions": [
   {
    "span": "Cella azzurra",
    "type": "building"
   },
   {
    "span": "Mostra italiana del novecento musicale",
    "type": "festival"
   },
   {
    "span": "Bologna",
    "type": "city"
   }
  ]
 },
 {
  "sentence": "Tale Giuria era stata composta dai maestri Francesco Cil\u00e9a (Dirett. del R. Conserv. di Napoli), Giuseppe Mul\u00e9 (Dirett. del R. Conserv. di Roma) ed Antonio Savasta (Dirett. del R. Conserv.di Palermo) ed era assistita dal segretario avv. Vito Trasselli Varvaro, direttere Tecnico dell Associazione.\n",
  "predictions": [
   {
    "span": "Francesco Cil\u00e9a",
    "type": "person"
   },
   {
    "span": "Napoli",
    "type": "city"
   },
   {
    "span": "Giuseppe Mul\u00e9",
    "type": "person"
   },
   {
    "span": "Antonio Savasta",
    "type": "person"
   },
   {
    "span": "Palermo",
    "type": "city"
   },
   {
    "span": "Vito Trasselli Varvaro",
    "type": "person"
   }
  ]
 },
 {
  "sentence": "A circa quarantun ann, in seguito ad accidente automobilistico sulia strada Firenze-Roma, di ritorno da un lungo viaggio all\u2019estero, ha cessato di vivere Emina Carelli, napoletana, che, dopo il debutto nella Vestale di Mercadante al Teatro di Altamutr: a, dalla prima giovinezza sino all\u2019eta di tr entacinque anni era stata uno dei soprani pil acclamati e pil illustri del teatro lirico contemporanco.\n",
  "predictions": [
   {
    "span": "Firenze-Roma",
    "type": "location"
   },
   {
    "span": "Emina Carelli",
    "type": "person"
   },
   {
    "span": "Teatro di Altamutr",
    "type": "theater"
   }
  ]
 },
 {
  "sentence": "Appunto, come ogi cantante di primissimo rango e di fama mondiale, la Carelli cred la parte di soprano, quasi sempre di protagonista, in non poche opere nuove, come in Colonia libera di Floridia (1899), in Lorenza di Mascheroni, (1904) in Mese Mariano di Giordano (1910), nell\u2019 Ellettra di R. Strauss (1912).\n",
  "predictions": [
   {
    "span": "Carelli",
    "type": "person"
   },
   {
    "span": "Lorenza di Mascheroni",
    "type": "work-of-art"
   },
   {
    "span": "Mese Mariano di Giordano",
    "type": "work-of-art"
   }
  ]
 },
 {
  "sentence": "Interprete altresi memorabile delle figure di Margherita nel Mefistofele di Desdemona nell\u2019Ovtedlo, di Santuzza in Cavalleria rusticana, di Tosca, Gloria, Zaza, Wally, Fedora..., nelle opere omonime, il sud Nome | 1egala indissolubilmente, ac\u201d canto a quello di Enrico Caruso, ai trionfi della seconda edizione dell\u2019 Jris di Mascagni.\n",
  "predictions": [
   {
    "span": "Margherita",
    "type": "person"
   },
   {
    "span": "Mefistofele",
    "type": "work-of-art"
   },
   {
    "span": "Desdemona",
    "type": "person"
   },
   {
    "span": "Ovtedlo",
    "type": "work-of-art"
   },
   {
    "span": "Santuzza",
    "type": "person"
   },
   {
    "span": "Cavalleria rusticana",
    "type": "work-of-art"
   },
   {
    "span": "Tosca",
    "type": "person"
   },
   {
    "span": "Gloria",
    "type": "person"
   },
   {
    "span": "Zaza",
    "type": "person"
   },
   {
    "span": "Wally",
    "type": "person"
   },
   {
    "span": "Fedora",
    "type": "person"
   },
   {
    "span": "Enrico Caruso",
    "type": "person"
   },
   {
    "span": "Jris",
    "type": "work-of-art"
   },
   {
    "span": "Mascagni",
    "type": "person"
   }
  ]
 },
 {
  "sentence": "La \u00abGiovane Lirica Italiana\u00bb diretta da Gemma Bellincioni che avra la sua nuova sede di studio in Roma al Vicolo Morgana, N. 12, angolo di via Tnbuna di Tor de\u2019 Specchi (vicino la Piazza dell\u2019 Aracoeli) riprendera i suoi corsi di interpretazione scenica e musicale col primo ottobre prossimo, corsi quest\u2019anno si prolungheranno dal primo ottobre al 30 giugno.\n",
  "predictions": [
   {
    "span": "Giovane Lirica Italiana",
    "type": "theater"
   },
   {
    "span": "Gemma Bellincioni",
    "type": "person"
   },
   {
    "span": "Roma",
    "type": "city"
   },
   {
    "span": "Vicolo Morgana",
    "type": "location"
   },
   {
    "span": "via Tnbuna",
    "type": "location"
   },
   {
    "span": "Tor de\u2019 Specchi",
    "type": "location"
   },
   {
    "span": "Piazza dell\u2019 Aracoeli",
    "type": "location"
   }
  ]
 },
 {
  "sentence": "La giovinetta Rizzoli, a servirci del termine tecnico, entrd in carriera nel 1860, cio\u00e9 a 13 anni! facendo la sua prima comparsa nella parte di Guglielmina nella Swor Teresa al Teatro Santa Radegonda di Milano colla Compagnia Barracani.\n",
  "predictions": [
   {
    "span": "La giovinetta Rizzoli",
    "type": "person"
   },
   {
    "span": "Guglielmina",
    "type": "person"
   },
   {
    "span": "Teatro Santa Radegonda",
    "type": "theater"
   },
   {
    "span": "Milano",
    "type": "city"
   },
   {
    "span": "Compagnia Barracani",
    "type": "organization"
   }
  ]
 },
 {
  "sentence": "Cosi, per citar qualcuno dei suoi cavyalli di battaglia, Pammirammo nell\u2019 Ingenua di Parigi e nel Fuoco al Convento; nella Signora di Saint Tropez, nella Teresa di Dumas, e nello stesso Biricchino di Parigi teste rappresentato, che tiene dell\u2019 uno e dell\u2019 altro genere.\n",
  "predictions": [
   {
    "span": "Parigi",
    "type": "city"
   },
   {
    "span": "Teresa di Dumas",
    "type": "person"
   },
   {
    "span": "Parigi",
    "type": "city"
   }
  ]
 },
 {
  "sentence": "Dalla compagnia Barracani la Rizzoli passd in quella dell\u2019 Arcelli, ove fe\u2019 nuovi progressi.segnalandosi tanto da andare nella seguente stavione con Salvini e colla Cazzola nella Compaonia dello Stacchini. Scritturata in qualita di prima amorosa, pud dirsi che fu questo lo stadio in cui ella formd stabilmente la sua fama d\u2019 artista.\n",
  "predictions": [
   {
    "span": "compagnia Barracani",
    "type": "organization"
   },
   {
    "span": "Rizzoli",
    "type": "organization"
   },
   {
    "span": "Salvini",
    "type": "person"
   },
   {
    "span": "Cazzola",
    "type": "person"
   },
   {
    "span": "Compaonia dello Stacchini",
    "type": "organization"
   }
  ]
 }
]